customer_id,name,gender,birthday,nationality,passport_no,address,email,tel
1,Ada Abbe,Female,1985/8/8,USA,TK9872822,"Wall Stree 001, NY, 36688, USA",hogehoge_01@customer.com,000-0000-0001
2,Adah Abbett,Female,1985/8/9,China,TK8998233,"Wall Stree 002, NY, 36688, USA",hogehoge_02@customer.com,000-0000-0002
3,Addyson Abbey,Female,1985/8/10,Japan,TK9833923,"Wall Stree 003, NY, 36688, USA",hogehoge_03@customer.com,000-0000-0003
4,Adela Abbitt,Female,1985/8/11,Taiwan,TK1066961,"Wall Stree 004, NY, 36688, USA",hogehoge_04@customer.com,000-0000-0004
5,Adele Abbot,Female,1985/8/12,South Africa,TK1150530,"Wall Stree 005, NY, 36688, USA",hogehoge_05@customer.com,000-0000-0005
6,Adelina Abbott,Female,1985/8/13,USA,TK1234099,"Wall Stree 006, NY, 36688, USA",hogehoge_06@customer.com,000-0000-0006
7,Adeline Abbs,Female,1985/8/14,USA,TK1317668,"Wall Stree 007, NY, 36688, USA",hogehoge_07@customer.com,000-0000-0007
8,Adelle Abby,Female,1985/8/15,USA,TG1401237,"Wall Stree 008, NY, 36688, USA",hogehoge_08@customer.com,000-0000-0008
9,Adilene Abdon,Female,1985/8/16,USA,TG1484806,"Wall Stree 009, NY, 36688, USA",hogehoge_09@customer.com,000-0000-0009
10,Adria Able,Female,1985/8/17,USA,TG1568375,"Wall Stree 010, NY, 36688, USA",hogehoge_10@customer.com,000-0000-0010
11,Adriane Abner,Female,1985/8/18,USA,TG1651944,"Wall Stree 011, NY, 36688, USA",hogehoge_11@customer.com,000-0000-0011
12,Adrianne Abney,Female,1985/8/19,USA,TG1735513,"Wall Stree 012, NY, 36688, USA",hogehoge_12@customer.com,000-0000-0012
13,Adrien Aborn,Female,1985/8/20,USA,TG1819082,"Wall Stree 013, NY, 36688, USA",hogehoge_13@customer.com,000-0000-0013
14,Adriene Abrahams,Female,1985/8/21,USA,TG1902651,"Wall Stree 014, NY, 36688, USA",hogehoge_14@customer.com,000-0000-0014
15,Adrina Abram,Female,1985/8/22,USA,TG1986220,"Wall Stree 015, NY, 36688, USA",hogehoge_15@customer.com,000-0000-0015
16,Adyson Abrams,Female,1985/8/23,USA,TG2069789,"Wall Stree 016, NY, 36688, USA",hogehoge_16@customer.com,000-0000-0016
17,Afton Abramson,Female,1985/8/24,China,TG2153358,"Wall Stree 017, NY, 36688, USA",hogehoge_17@customer.com,000-0000-0017
18,Agate Ace,Female,1985/8/25,China,TG2236927,"Wall Stree 018, NY, 36688, USA",hogehoge_18@customer.com,000-0000-0018
19,Aida Acey,Female,1985/8/26,China,TG2320496,"Wall Stree 019, NY, 36688, USA",hogehoge_19@customer.com,000-0000-0019
20,Airiana Acker,Female,1985/8/27,China,TG2404065,"Wall Stree 020, NY, 36688, USA",hogehoge_20@customer.com,000-0000-0020
21,Alberta Ackerley,Female,1982/10/21,China,TG2487634,"Wall Stree 021, NY, 36688, USA",hogehoge_21@customer.com,000-0000-0021
22,Aldora Ackerly,Female,1982/10/22,China,TG2571203,"Wall Stree 022, NY, 36688, USA",hogehoge_22@customer.com,000-0000-0022
23,Alfreda Ackerman,Female,1982/10/23,China,TG2654772,"Wall Stree 023, NY, 36688, USA",hogehoge_23@customer.com,000-0000-0023
24,Alice Ackers,Female,1982/10/24,China,TG2738341,"Wall Stree 024, NY, 36688, USA",hogehoge_24@customer.com,000-0000-0024
25,Alicen Ackert,Female,1982/10/25,China,TG2821910,"Wall Stree 025, NY, 36688, USA",hogehoge_25@customer.com,000-0000-0025
26,Alicia Ackland,Female,1982/10/26,China,TC2905479,"Wall Stree 026, NY, 36688, USA",hogehoge_26@customer.com,000-0000-0026
27,Alicja Ackley,Female,1982/10/27,Japan,TC2989048,"Wall Stree 027, NY, 36688, USA",hogehoge_27@customer.com,000-0000-0027
28,Alicyn Acklin,Female,1982/10/28,Japan,TC3072617,"Wall Stree 028, NY, 36688, USA",hogehoge_28@customer.com,000-0000-0028
29,Alina Ackroyd,Female,1982/10/29,Japan,TC3156186,"Wall Stree 029, NY, 36688, USA",hogehoge_29@customer.com,000-0000-0029
30,Alisha Acock,Female,1982/10/30,Japan,TC3239755,"Wall Stree 030, NY, 36688, USA",hogehoge_30@customer.com,000-0000-0030
31,Alishia Acomb,Female,1982/10/31,Japan,TC3323324,"Wall Stree 031, NY, 36688, USA",hogehoge_31@customer.com,000-0000-0031
32,Alisia Acors,Female,1982/11/1,Japan,TC3406893,"Wall Stree 032, NY, 36688, USA",hogehoge_32@customer.com,000-0000-0032
33,Alison Acre,Female,1982/11/2,Japan,TC3490462,"Wall Stree 033, NY, 36688, USA",hogehoge_33@customer.com,000-0000-0033
34,Alisyn Acreman,Female,1982/11/3,Japan,TC3574031,"Wall Stree 034, NY, 36688, USA",hogehoge_34@customer.com,000-0000-0034
35,Allicia Acres,Female,1982/11/4,Japan,TC3657600,"Wall Stree 035, NY, 36688, USA",hogehoge_35@customer.com,000-0000-0035
36,Allisha Acton,Female,1982/11/5,Japan,TC3741169,"Wall Stree 036, NY, 36688, USA",hogehoge_36@customer.com,000-0000-0036
37,Allison Acuff,Female,1982/11/6,Japan,TC3824738,"Wall Stree 037, NY, 36688, USA",hogehoge_37@customer.com,000-0000-0037
38,Allisyn Acy,Female,1982/11/7,Japan,TC3908307,"Wall Stree 038, NY, 36688, USA",hogehoge_38@customer.com,000-0000-0038
39,Allysen Adams,Female,1982/11/8,Japan,TC3991876,"Wall Stree 039, NY, 36688, USA",hogehoge_39@customer.com,000-0000-0039
40,Allyson Adcock,Female,1982/11/9,Japan,TC4075445,"Wall Stree 040, NY, 36688, USA",hogehoge_40@customer.com,000-0000-0040
41,Alodie Adcox,Female,1982/11/10,Japan,TC4159014,"Wall Stree 041, NY, 36688, USA",hogehoge_41@customer.com,000-0000-0041
42,Alonsa Addams,Female,1982/11/11,Japan,TC4242583,"Wall Stree 042, NY, 36688, USA",hogehoge_42@customer.com,000-0000-0042
43,Alonza Adderley,Female,1982/11/12,Japan,TC4326152,"Wall Stree 043, NY, 36688, USA",hogehoge_43@customer.com,000-0000-0043
44,Alvina Adderly,Female,1982/11/13,Japan,TC4409721,"Wall Stree 044, NY, 36688, USA",hogehoge_44@customer.com,000-0000-0044
45,Alyna Addicott,Female,1982/11/14,Japan,TC4493290,"Wall Stree 045, NY, 36688, USA",hogehoge_45@customer.com,000-0000-0045
46,Alyshia Addington,Female,1982/11/15,Japan,TC4576859,"Wall Stree 046, NY, 36688, USA",hogehoge_46@customer.com,000-0000-0046
47,Alyson Addis,Female,1982/11/16,Japan,TC4660428,"Wall Stree 047, NY, 36688, USA",hogehoge_47@customer.com,000-0000-0047
48,Amy Addison,Female,1982/11/17,Japan,TC4743997,"Wall Stree 048, NY, 36688, USA",hogehoge_48@customer.com,000-0000-0048
49,Anabel Addy,Female,1982/11/18,USA,TC4827566,"Wall Stree 049, NY, 36688, USA",hogehoge_49@customer.com,000-0000-0049
50,Anabelle Ade,Female,1982/11/19,USA,TC4911135,"Wall Stree 050, NY, 36688, USA",hogehoge_50@customer.com,000-0000-0050
51,Audey Adee,Female,1982/11/20,USA,TC4994704,"Wall Stree 051, NY, 36688, USA",hogehoge_51@customer.com,000-0000-0051
52,Audreanne Ades,Female,1982/11/21,USA,TC5078273,"Wall Stree 052, NY, 36688, USA",hogehoge_52@customer.com,000-0000-0052
53,Audree Adey,Female,1982/11/22,USA,TC5161842,"Wall Stree 053, NY, 36688, USA",hogehoge_53@customer.com,000-0000-0053
54,Audrey Adgate,Female,1982/11/23,USA,TC5245411,"Wall Stree 054, NY, 36688, USA",hogehoge_54@customer.com,000-0000-0054
55,Audrey Ann Adkins,Female,1982/11/24,USA,TC5328980,"Wall Stree 055, NY, 36688, USA",hogehoge_55@customer.com,000-0000-0055
56,Audrey Anne Adkinson,Female,1982/11/25,USA,TC5412549,"Wall Stree 056, NY, 36688, USA",hogehoge_56@customer.com,000-0000-0056
57,Audrey Maud Adley,Female,1982/11/26,USA,AC5496118,"Wall Stree 057, NY, 36688, USA",hogehoge_57@customer.com,000-0000-0057
58,Audrey Maude Adney,Female,1982/11/27,USA,AC5579687,"Wall Stree 058, NY, 36688, USA",hogehoge_58@customer.com,000-0000-0058
59,Audriana Adrian,Female,1982/11/28,USA,AC5663256,"Wall Stree 059, NY, 36688, USA",hogehoge_59@customer.com,000-0000-0059
60,Audrianna Aduddell,Female,1982/11/29,USA,AC5746825,"Wall Stree 060, NY, 36688, USA",hogehoge_60@customer.com,000-0000-0060
61,Audrie Adwell,Female,1982/11/30,USA,AC5830394,"Wall Stree 061, NY, 36688, USA",hogehoge_61@customer.com,000-0000-0061
62,Audrina Ady,Female,1982/12/1,USA,AC5913963,"Wall Stree 062, NY, 36688, USA",hogehoge_62@customer.com,000-0000-0062
63,Audry Afton,Female,1982/12/2,USA,AC5997532,"Wall Stree 063, NY, 36688, USA",hogehoge_63@customer.com,000-0000-0063
64,Avaline Agar,Female,1982/12/3,USA,AC6081101,"Wall Stree 064, NY, 36688, USA",hogehoge_64@customer.com,000-0000-0064
65,Averi Agard,Female,1982/12/4,USA,AC6164670,"Wall Stree 065, NY, 36688, USA",hogehoge_65@customer.com,000-0000-0065
66,Averie Agate,Female,1982/12/5,USA,AC6248239,"Wall Stree 066, NY, 36688, USA",hogehoge_66@customer.com,000-0000-0066
67,Aysia Age,Female,1982/12/6,USA,AC6331808,"Wall Stree 067, NY, 36688, USA",hogehoge_67@customer.com,000-0000-0067
68,Bailee Ager,Female,1982/12/7,USA,AC6415377,"Wall Stree 068, NY, 36688, USA",hogehoge_68@customer.com,000-0000-0068
69,Baileigh Agers,Female,1982/12/8,China,AC6498946,"Wall Stree 069, NY, 36688, USA",hogehoge_69@customer.com,000-0000-0069
70,Bailey Aguillard,Female,1982/12/9,China,AC6582515,"Wall Stree 070, NY, 36688, USA",hogehoge_70@customer.com,000-0000-0070
71,Baili Ailes,Female,1982/12/10,China,AC6666084,"Wall Stree 071, NY, 36688, USA",hogehoge_71@customer.com,000-0000-0071
72,Bailie Ailey,Female,1982/12/11,China,AC6749653,"Wall Stree 072, NY, 36688, USA",hogehoge_72@customer.com,000-0000-0072
73,Baillie Ailstock,Female,1982/12/12,China,AC6833222,"Wall Stree 073, NY, 36688, USA",hogehoge_73@customer.com,000-0000-0073
74,Baily Ainley,Female,1982/12/13,China,AC6916791,"Wall Stree 074, NY, 36688, USA",hogehoge_74@customer.com,000-0000-0074
75,Baleigh Ainsley,Female,1982/12/14,China,AC7000360,"Wall Stree 075, NY, 36688, USA",hogehoge_75@customer.com,000-0000-0075
76,Ellie Ainslie,Female,1982/12/15,China,AC7083929,"Wall Stree 076, NY, 36688, USA",hogehoge_76@customer.com,000-0000-0076
77,Ellisa Ainsworth,Female,1982/12/16,China,AC7167498,"Wall Stree 077, NY, 36688, USA",hogehoge_77@customer.com,000-0000-0077
78,Ellison Airey,Female,1982/12/17,China,AC7251067,"Wall Stree 078, NY, 36688, USA",hogehoge_78@customer.com,000-0000-0078
79,Elly Airington,Female,1982/12/18,China,AC7334636,"Wall Stree 079, NY, 36688, USA",hogehoge_79@customer.com,000-0000-0079
80,Ellyn Aiton,Female,1982/12/19,China,AC7418205,"Wall Stree 080, NY, 36688, USA",hogehoge_80@customer.com,000-0000-0080
81,Elmina Ake,Female,1982/12/20,China,AC7501774,"Wall Stree 081, NY, 36688, USA",hogehoge_81@customer.com,000-0000-0081
82,Elodie Akehurst,Female,1982/12/21,China,AC7585343,"Wall Stree 082, NY, 36688, USA",hogehoge_82@customer.com,000-0000-0082
83,Elva Akeley,Female,1982/12/22,China,AC7668912,"Wall Stree 083, NY, 36688, USA",hogehoge_83@customer.com,000-0000-0083
84,Elvia Akerley,Female,1982/12/23,China,AC7752481,"Wall Stree 084, NY, 36688, USA",hogehoge_84@customer.com,000-0000-0084
85,Elvie Akers,Female,1982/12/24,China,AC7836050,"Wall Stree 085, NY, 36688, USA",hogehoge_85@customer.com,000-0000-0085
86,Elvina Akes,Female,1982/12/25,China,AC7919619,"Wall Stree 086, NY, 36688, USA",hogehoge_86@customer.com,000-0000-0086
87,Elysa Akey,Female,1982/12/26,China,AC8003188,"Wall Stree 087, NY, 36688, USA",hogehoge_87@customer.com,000-0000-0087
88,Elyse Akin,Female,1982/12/27,China,AC8086757,"Wall Stree 088, NY, 36688, USA",hogehoge_88@customer.com,000-0000-0088
89,Elyssa Alan,Female,1982/12/28,China,AC8170326,"Wall Stree 089, NY, 36688, USA",hogehoge_89@customer.com,000-0000-0089
90,Emilee Alban,Female,1982/12/29,China,AC8253895,"Wall Stree 090, NY, 36688, USA",hogehoge_90@customer.com,000-0000-0090
91,Emileigh Albany,Female,1982/12/30,China,AC8337464,"Wall Stree 091, NY, 36688, USA",hogehoge_91@customer.com,000-0000-0091
92,Emiley Albert,Female,1982/12/31,China,AC8421033,"Wall Stree 092, NY, 36688, USA",hogehoge_92@customer.com,000-0000-0092
93,Emili Alberts,Female,1983/1/1,China,AC8504602,"Wall Stree 093, NY, 36688, USA",hogehoge_93@customer.com,000-0000-0093
94,Emilie Albin,Female,1983/1/2,China,DC1903938,"Wall Stree 094, NY, 36688, USA",hogehoge_94@customer.com,000-0000-0094
95,Emilly Alborn,Female,1983/1/3,China,DC1203003,"Wall Stree 095, NY, 36688, USA",hogehoge_95@customer.com,000-0000-0095
96,Emily Albright,Female,1983/1/4,China,DC2502068,"Wall Stree 096, NY, 36688, USA",hogehoge_96@customer.com,000-0000-0096
97,Emma Albro,Female,1983/1/5,China,DC3801133,"Wall Stree 097, NY, 36688, USA",hogehoge_97@customer.com,000-0000-0097
98,Emmily Albury,Female,1983/1/6,China,DC5100198,"Wall Stree 098, NY, 36688, USA",hogehoge_98@customer.com,000-0000-0098
99,Enchantra Alcock,Female,1983/1/7,China,DC6399263,"Wall Stree 099, NY, 36688, USA",hogehoge_99@customer.com,000-0000-0099
100,Eppie Alcott,Female,1983/1/8,China,DC7698328,"Wall Stree 100, NY, 36688, USA",hogehoge_100@customer.com,000-0000-0100
101,Kendal Alday,Female,1983/1/9,China,DC8997393,"Wall Stree 101, NY, 36688, USA",hogehoge_101@customer.com,000-0000-0101
102,Kendall Alden,Female,1983/1/10,China,DC1289892,"Wall Stree 102, NY, 36688, USA",hogehoge_102@customer.com,000-0000-0102
103,Kendra Alder,Female,1983/1/11,Singapore,DC1298839,"Wall Stree 103, NY, 36688, USA",hogehoge_103@customer.com,000-0000-0103
104,Kendria Alderman,Female,1983/1/12,Singapore,DC1307786,"Wall Stree 104, NY, 36688, USA",hogehoge_104@customer.com,000-0000-0104
105,Kendyl Alders,Female,1983/1/13,Singapore,DC1316733,"Wall Stree 105, NY, 36688, USA",hogehoge_105@customer.com,000-0000-0105
106,Kendyll Alderson,Female,1983/1/14,Singapore,DC1325680,"Wall Stree 106, NY, 36688, USA",hogehoge_106@customer.com,000-0000-0106
107,Kenenza Alderton,Female,1983/1/15,Singapore,DC1334627,"Wall Stree 107, NY, 36688, USA",hogehoge_107@customer.com,000-0000-0107
108,Kenise Aldis,Female,1983/1/16,Singapore,DC1343574,"Wall Stree 108, NY, 36688, USA",hogehoge_108@customer.com,000-0000-0108
109,Khimberly Aldous,Female,1983/1/17,Singapore,DC1352521,"Wall Stree 109, NY, 36688, USA",hogehoge_109@customer.com,000-0000-0109
110,Kim Aldred,Female,1983/1/18,Singapore,DC1361468,"Wall Stree 110, NY, 36688, USA",hogehoge_110@customer.com,000-0000-0110
111,Kimbalee Aldredge,Female,1983/1/19,Singapore,DC1370415,"Wall Stree 111, NY, 36688, USA",hogehoge_111@customer.com,000-0000-0111
112,Kimber Aldrich,Female,1983/1/20,Singapore,DC1379362,"Wall Stree 112, NY, 36688, USA",hogehoge_112@customer.com,000-0000-0112
113,Kimberlee Aldridge,Female,1983/1/21,Singapore,DC1388309,"Wall Stree 113, NY, 36688, USA",hogehoge_113@customer.com,000-0000-0113
114,Kimberley Ale,Female,1983/1/22,Singapore,DC1397256,"Wall Stree 114, NY, 36688, USA",hogehoge_114@customer.com,000-0000-0114
115,Kimberli Aleck,Female,1983/1/23,Singapore,DC1406203,"Wall Stree 115, NY, 36688, USA",hogehoge_115@customer.com,000-0000-0115
116,Kimberlie Alewine,Female,1983/1/24,Singapore,DC1415150,"Wall Stree 116, NY, 36688, USA",hogehoge_116@customer.com,000-0000-0116
117,Kimberlin Alexander,Female,1983/1/25,Singapore,DC1424097,"Wall Stree 117, NY, 36688, USA",hogehoge_117@customer.com,000-0000-0117
118,Kimberly Aley,Female,1983/1/26,Singapore,DC1433044,"Wall Stree 118, NY, 36688, USA",hogehoge_118@customer.com,000-0000-0118
119,Kimberlyn Alford,Female,1983/1/27,Taiwan,DC1441991,"Wall Stree 119, NY, 36688, USA",hogehoge_119@customer.com,000-0000-0119
120,Kimberlynn Alfred,Female,1983/1/28,Taiwan,DC1450938,"Wall Stree 120, NY, 36688, USA",hogehoge_120@customer.com,000-0000-0120
121,Kimmie Alfrey,Female,1983/1/29,Taiwan,DC1459885,"Wall Stree 121, NY, 36688, USA",hogehoge_121@customer.com,000-0000-0121
122,Kimmy Alger,Female,1983/1/30,Taiwan,DC1468832,"Wall Stree 122, NY, 36688, USA",hogehoge_122@customer.com,000-0000-0122
123,Kindra Algood,Female,1983/1/31,Taiwan,DC1477779,"Wall Stree 123, NY, 36688, USA",hogehoge_123@customer.com,000-0000-0123
124,Kinsey Aliff,Female,1983/2/1,Taiwan,DC1486726,"Wall Stree 124, NY, 36688, USA",hogehoge_124@customer.com,000-0000-0124
125,Kinzie Alison,Female,1983/2/2,Taiwan,DC1495673,"Wall Stree 125, NY, 36688, USA",hogehoge_125@customer.com,000-0000-0125
126,Aaron Alkins,Male,1983/2/3,Taiwan,DC1504620,"Wall Stree 126, NY, 36688, USA",hogehoge_126@customer.com,000-0000-0126
127,Abbott All,Male,1983/2/4,Japan,DC1513567,"Wall Stree 127, NY, 36688, USA",hogehoge_127@customer.com,000-0000-0127
128,Abel Allam,Male,1983/2/5,Japan,DC1522514,"Wall Stree 128, NY, 36688, USA",hogehoge_128@customer.com,000-0000-0128
129,Abner Allan,Male,1983/2/6,Japan,DC1531461,"Wall Stree 129, NY, 36688, USA",hogehoge_129@customer.com,000-0000-0129
130,Abraham Allanson,Male,1983/2/7,Japan,DC1540408,"Wall Stree 130, NY, 36688, USA",hogehoge_130@customer.com,000-0000-0130
131,Adam Allard,Male,1983/2/8,Japan,DC1549355,"Wall Stree 131, NY, 36688, USA",hogehoge_131@customer.com,000-0000-0131
132,Addison Allcock,Male,1983/2/9,Japan,DC1558302,"Wall Stree 132, NY, 36688, USA",hogehoge_132@customer.com,000-0000-0132
133,Adler Allcorn,Male,1983/2/10,Japan,DC1567249,"Wall Stree 133, NY, 36688, USA",hogehoge_133@customer.com,000-0000-0133
134,Adley Allday,Male,1983/2/11,Japan,DC1576196,"Wall Stree 134, NY, 36688, USA",hogehoge_134@customer.com,000-0000-0134
135,"Adrian, Adrien Allee",Male,1983/2/12,Japan,DC1585143,"Wall Stree 135, NY, 36688, USA",hogehoge_135@customer.com,000-0000-0135
136,"Aedan, Aiden Allen",Male,1983/2/13,Japan,DC1594090,"Wall Stree 136, NY, 36688, USA",hogehoge_136@customer.com,000-0000-0136
137,Aiken Allender,Male,1983/2/14,Japan,DC1603037,"Wall Stree 137, NY, 36688, USA",hogehoge_137@customer.com,000-0000-0137
138,"Alan, Allan Allenson",Male,1983/2/15,USA,DC1611984,"Wall Stree 138, NY, 36688, USA",hogehoge_138@customer.com,000-0000-0138
139,Alastair Allerton,Male,1983/2/16,USA,DC1620931,"Wall Stree 139, NY, 36688, USA",hogehoge_139@customer.com,000-0000-0139
140,Albern Alles,Male,1983/2/17,USA,DC1629878,"Wall Stree 140, NY, 36688, USA",hogehoge_140@customer.com,000-0000-0140
141,Albert Alley,Male,1983/2/18,USA,DC1638825,"Wall Stree 141, NY, 36688, USA",hogehoge_141@customer.com,000-0000-0141
142,Albion Alleyne,Male,1983/2/19,USA,DC1647772,"Wall Stree 142, NY, 36688, USA",hogehoge_142@customer.com,000-0000-0142
143,Alden Allford,Male,1983/2/20,USA,DC1656719,"Wall Stree 143, NY, 36688, USA",hogehoge_143@customer.com,000-0000-0143
144,Aldis Allgood,Male,1983/2/21,USA,DC1665666,"Wall Stree 144, NY, 36688, USA",hogehoge_144@customer.com,000-0000-0144
145,Aldrich Allie,Male,1983/2/22,USA,DC1674613,"Wall Stree 145, NY, 36688, USA",hogehoge_145@customer.com,000-0000-0145
146,Alexander Alligood,Male,1983/2/23,USA,DC1683560,"Wall Stree 146, NY, 36688, USA",hogehoge_146@customer.com,000-0000-0146
147,Alfie Allin,Male,1983/2/24,USA,DC1692507,"Wall Stree 147, NY, 36688, USA",hogehoge_147@customer.com,000-0000-0147
148,Alfred Alling,Male,1983/2/25,USA,DC1701454,"Wall Stree 148, NY, 36688, USA",hogehoge_148@customer.com,000-0000-0148
149,Algernon Allingham,Male,1983/2/26,USA,DC1710401,"Wall Stree 149, NY, 36688, USA",hogehoge_149@customer.com,000-0000-0149
150,Alston Allington,Male,1983/2/27,USA,DC1719348,"Wall Stree 150, NY, 36688, USA",hogehoge_150@customer.com,000-0000-0150
151,Alton Allinson,Male,1983/2/28,USA,DC1728295,"Wall Stree 151, NY, 36688, USA",hogehoge_151@customer.com,000-0000-0151
152,Alvin Allis,Male,1983/3/1,USA,DC1737242,"Wall Stree 152, NY, 36688, USA",hogehoge_152@customer.com,000-0000-0152
153,Ambrose Allison,Male,1983/3/2,USA,DC1746189,"Wall Stree 153, NY, 36688, USA",hogehoge_153@customer.com,000-0000-0153
154,Amery Alliston,Male,1983/3/3,USA,DC1755136,"Wall Stree 154, NY, 36688, USA",hogehoge_154@customer.com,000-0000-0154
155,Amos Allman,Male,1983/3/4,USA,DC1764083,"Wall Stree 155, NY, 36688, USA",hogehoge_155@customer.com,000-0000-0155
156,Andrew Allmand,Male,1983/3/5,USA,DC1773030,"Wall Stree 156, NY, 36688, USA",hogehoge_156@customer.com,000-0000-0156
157,Angus Allmond,Male,1983/3/6,USA,DC1781977,"Wall Stree 157, NY, 36688, USA",hogehoge_157@customer.com,000-0000-0157
158,Ansel Allnutt,Male,1983/3/7,USA,DC1790924,"Wall Stree 158, NY, 36688, USA",hogehoge_158@customer.com,000-0000-0158
159,Anthony Alloway,Male,1983/3/8,USA,DC1799871,"Wall Stree 159, NY, 36688, USA",hogehoge_159@customer.com,000-0000-0159
160,Archer Allport,Male,1983/3/9,USA,DC1808818,"Wall Stree 160, NY, 36688, USA",hogehoge_160@customer.com,000-0000-0160
161,Archibald Allread,Male,1983/3/10,USA,DC1817765,"Wall Stree 161, NY, 36688, USA",hogehoge_161@customer.com,000-0000-0161
162,Arlen Allred,Male,1983/3/11,China,DC1826712,"Wall Stree 162, NY, 36688, USA",hogehoge_162@customer.com,000-0000-0162
163,Arnold Alls,Male,1983/3/12,China,DC1835659,"Wall Stree 163, NY, 36688, USA",hogehoge_163@customer.com,000-0000-0163
164,"Arthur, Art Allsbrook",Male,1983/3/13,China,DC1844606,"Wall Stree 164, NY, 36688, USA",hogehoge_164@customer.com,000-0000-0164
165,Arvel Allsop,Male,1983/3/14,China,DC1853553,"Wall Stree 165, NY, 36688, USA",hogehoge_165@customer.com,000-0000-0165
166,Atwater Allsopp,Male,1983/3/15,China,DC1862500,"Wall Stree 166, NY, 36688, USA",hogehoge_166@customer.com,000-0000-0166
167,Atwood Allston,Male,1983/3/16,China,DC1871447,"Wall Stree 167, NY, 36688, USA",hogehoge_167@customer.com,000-0000-0167
168,Aubrey Allsup,Male,1983/3/17,China,DC1880394,"Wall Stree 168, NY, 36688, USA",hogehoge_168@customer.com,000-0000-0168
169,Austin Allton,Male,1983/3/18,China,DC1889341,"Wall Stree 169, NY, 36688, USA",hogehoge_169@customer.com,000-0000-0169
170,Avery Alltop,Male,1983/3/19,China,DC1898288,"Wall Stree 170, NY, 36688, USA",hogehoge_170@customer.com,000-0000-0170
171,Axel Allum,Male,1983/3/20,China,DC1907235,"Wall Stree 171, NY, 36688, USA",hogehoge_171@customer.com,000-0000-0171
172,Baird Allums,Male,1983/3/21,China,DC1916182,"Wall Stree 172, NY, 36688, USA",hogehoge_172@customer.com,000-0000-0172
173,Baldwin Allwood,Male,1983/3/22,China,DC1925129,"Wall Stree 173, NY, 36688, USA",hogehoge_173@customer.com,000-0000-0173
174,Barclay Ally,Male,1983/3/23,China,DC1934076,"Wall Stree 174, NY, 36688, USA",hogehoge_174@customer.com,000-0000-0174
175,Barnaby Allyn,Male,1983/3/24,China,DC1943023,"Wall Stree 175, NY, 36688, USA",hogehoge_175@customer.com,000-0000-0175
176,Baron Alman,Male,1983/3/25,China,DC1951970,"Wall Stree 176, NY, 36688, USA",hogehoge_176@customer.com,000-0000-0176
177,Barrett Almond,Male,1983/3/26,China,DC1960917,"Wall Stree 177, NY, 36688, USA",hogehoge_177@customer.com,000-0000-0177
178,Barry Almy,Male,1983/3/27,China,DC1969864,"Wall Stree 178, NY, 36688, USA",hogehoge_178@customer.com,000-0000-0178
179,Bartholomew Alred,Male,1983/3/28,China,DC1978811,"Wall Stree 179, NY, 36688, USA",hogehoge_179@customer.com,000-0000-0179
180,Basil Alridge,Male,1983/3/29,China,DC1987758,"Wall Stree 180, NY, 36688, USA",hogehoge_180@customer.com,000-0000-0180
181,Benedict Alsbrook,Male,1983/3/30,China,DC1996705,"Wall Stree 181, NY, 36688, USA",hogehoge_181@customer.com,000-0000-0181
182,Benjamin Alsbury,Male,1983/3/31,China,DC2005652,"Wall Stree 182, NY, 36688, USA",hogehoge_182@customer.com,000-0000-0182
183,Benton Alsip,Male,1983/4/1,China,DC2014599,"Wall Stree 183, NY, 36688, USA",hogehoge_183@customer.com,000-0000-0183
184,Bernard Alsobrook,Male,1983/4/2,China,DC2023546,"Wall Stree 184, NY, 36688, USA",hogehoge_184@customer.com,000-0000-0184
185,Bert Alsop,Male,1983/4/3,China,DC2032493,"Wall Stree 185, NY, 36688, USA",hogehoge_185@customer.com,000-0000-0185
186,Bevis Alston,Male,1983/4/4,China,DC2041440,"Wall Stree 186, NY, 36688, USA",hogehoge_186@customer.com,000-0000-0186
187,Blaine Alsup,Male,1983/4/5,China,DC2050387,"Wall Stree 187, NY, 36688, USA",hogehoge_187@customer.com,000-0000-0187
188,Blair Alton,Male,1983/4/6,China,DC2059334,"Wall Stree 188, NY, 36688, USA",hogehoge_188@customer.com,000-0000-0188
189,Blake Alvey,Male,1983/4/7,China,DC2068281,"Wall Stree 189, NY, 36688, USA",hogehoge_189@customer.com,000-0000-0189
190,Bond Alvin,Male,1983/4/8,India,DC2077228,"Wall Stree 190, NY, 36688, USA",hogehoge_190@customer.com,000-0000-0190
191,Boris Alvis,Male,1983/4/9,India,DC2086175,"Wall Stree 191, NY, 36688, USA",hogehoge_191@customer.com,000-0000-0191
192,Bowen Alvord,Male,1983/4/10,India,DC2095122,"Wall Stree 192, NY, 36688, USA",hogehoge_192@customer.com,000-0000-0192
193,Braden Alward,Male,1983/4/11,India,DC2104069,"Wall Stree 193, NY, 36688, USA",hogehoge_193@customer.com,000-0000-0193
194,Bradley Alway,Male,1983/4/12,India,DC2113016,"Wall Stree 194, NY, 36688, USA",hogehoge_194@customer.com,000-0000-0194
195,"Brandan, Brendan, Brendon Alwin",Male,1983/4/13,India,DC2121963,"Wall Stree 195, NY, 36688, USA",hogehoge_195@customer.com,000-0000-0195
196,Brent Alwood,Male,1983/4/14,India,DC2130910,"Wall Stree 196, NY, 36688, USA",hogehoge_196@customer.com,000-0000-0196
197,"Bret, Brett Alworth",Male,1983/4/15,India,DC2139857,"Wall Stree 197, NY, 36688, USA",hogehoge_197@customer.com,000-0000-0197
198,Brian Amason,Male,1983/4/16,India,DC2148804,"Wall Stree 198, NY, 36688, USA",hogehoge_198@customer.com,000-0000-0198
199,Brice Amber,Male,1983/4/17,India,DC2157751,"Wall Stree 199, NY, 36688, USA",hogehoge_199@customer.com,000-0000-0199
200,Brigham Amberson,Male,1983/4/18,India,DC2166698,"Wall Stree 200, NY, 36688, USA",hogehoge_200@customer.com,000-0000-0200
201,Brock Ambler,Male,1983/4/19,India,DC2175645,"Wall Stree 201, NY, 36688, USA",hogehoge_201@customer.com,000-0000-0201
202,Broderick Ambrose,Male,1983/4/20,India,DC2184592,"Wall Stree 202, NY, 36688, USA",hogehoge_202@customer.com,000-0000-0202
203,Brooke Ament,Male,1983/4/21,India,DC2193539,"Wall Stree 203, NY, 36688, USA",hogehoge_203@customer.com,000-0000-0203
204,Bruce Amerson,Male,1983/4/22,India,DC2202486,"Wall Stree 204, NY, 36688, USA",hogehoge_204@customer.com,000-0000-0204
205,Bruno Ames,Male,1983/4/23,India,DC2211433,"Wall Stree 205, NY, 36688, USA",hogehoge_205@customer.com,000-0000-0205
206,Bryant Amesbury,Male,1983/4/24,India,DC2220380,"Wall Stree 206, NY, 36688, USA",hogehoge_206@customer.com,000-0000-0206
207,Buck Amey,Male,1983/4/25,India,DC2229327,"Wall Stree 207, NY, 36688, USA",hogehoge_207@customer.com,000-0000-0207
208,Bud Amis,Male,1983/4/26,India,DC2238274,"Wall Stree 208, NY, 36688, USA",hogehoge_208@customer.com,000-0000-0208
209,Burgess Amison,Male,1983/4/27,India,DC2247221,"Wall Stree 209, NY, 36688, USA",hogehoge_209@customer.com,000-0000-0209
210,Burton Ammon,Male,1983/4/28,India,DC2256168,"Wall Stree 210, NY, 36688, USA",hogehoge_210@customer.com,000-0000-0210
211,Byron Amond,Male,1983/4/29,India,DC2265115,"Wall Stree 211, NY, 36688, USA",hogehoge_211@customer.com,000-0000-0211
212,Cadman Amor,Male,1983/4/30,India,DC2274062,"Wall Stree 212, NY, 36688, USA",hogehoge_212@customer.com,000-0000-0212
213,Calvert Amory,Male,1983/5/1,India,DC2283009,"Wall Stree 213, NY, 36688, USA",hogehoge_213@customer.com,000-0000-0213
214,Caldwell Amos,Male,1983/5/2,India,DC2291956,"Wall Stree 214, NY, 36688, USA",hogehoge_214@customer.com,000-0000-0214
215,Caleb Amsden,Male,1983/5/3,India,DC2300903,"Wall Stree 215, NY, 36688, USA",hogehoge_215@customer.com,000-0000-0215
216,Calvin Anable,Male,1983/5/4,India,DC2309850,"Wall Stree 216, NY, 36688, USA",hogehoge_216@customer.com,000-0000-0216
217,Carrick Ancell,Male,1983/5/5,India,DC2318797,"Wall Stree 217, NY, 36688, USA",hogehoge_217@customer.com,000-0000-0217
218,Carl Anchors,Male,1983/5/6,India,DC2327744,"Wall Stree 218, NY, 36688, USA",hogehoge_218@customer.com,000-0000-0218
219,Carlton Anctil,Male,1983/5/7,India,DC2336691,"Wall Stree 219, NY, 36688, USA",hogehoge_219@customer.com,000-0000-0219
220,Carney Anderson,Male,1983/5/8,India,DC2345638,"Wall Stree 220, NY, 36688, USA",hogehoge_220@customer.com,000-0000-0220
221,Carroll Anderton,Male,1983/5/9,India,DC2354585,"Wall Stree 221, NY, 36688, USA",hogehoge_221@customer.com,000-0000-0221
222,Carter Andrew,Male,1983/5/10,USA,DC2363532,"Wall Stree 222, NY, 36688, USA",hogehoge_222@customer.com,000-0000-0222
223,Carver Andrews,Male,1983/5/11,USA,DC2372479,"Wall Stree 223, NY, 36688, USA",hogehoge_223@customer.com,000-0000-0223
224,Cary Andros,Male,1983/5/12,USA,DC2381426,"Wall Stree 224, NY, 36688, USA",hogehoge_224@customer.com,000-0000-0224
225,Casey Andrus,Male,1983/5/13,USA,DC2390373,"Wall Stree 225, NY, 36688, USA",hogehoge_225@customer.com,000-0000-0225
226,Casper Andry,Male,1983/5/14,USA,DC2399320,"Wall Stree 226, NY, 36688, USA",hogehoge_226@customer.com,000-0000-0226
227,Cecil Aney,Male,1983/5/15,USA,DC2408267,"Wall Stree 227, NY, 36688, USA",hogehoge_227@customer.com,000-0000-0227
228,Cedric Angel,Male,1983/5/16,USA,DC2417214,"Wall Stree 228, NY, 36688, USA",hogehoge_228@customer.com,000-0000-0228
229,"Chad, Chadwick Anger",Male,1983/5/17,USA,DC2426161,"Wall Stree 229, NY, 36688, USA",hogehoge_229@customer.com,000-0000-0229
230,Chalmers Angers,Male,1983/5/18,USA,DC2435108,"Wall Stree 230, NY, 36688, USA",hogehoge_230@customer.com,000-0000-0230
231,Chandler Angevine,Male,1983/5/19,USA,DC2444055,"Wall Stree 231, NY, 36688, USA",hogehoge_231@customer.com,000-0000-0231
232,Channing Angier,Male,1983/5/20,USA,DC2453002,"Wall Stree 232, NY, 36688, USA",hogehoge_232@customer.com,000-0000-0232
233,Chapman Angle,Male,1983/5/21,USA,DC2461949,"Wall Stree 233, NY, 36688, USA",hogehoge_233@customer.com,000-0000-0233
234,Charles Angleton,Male,1983/5/22,USA,DC2470896,"Wall Stree 234, NY, 36688, USA",hogehoge_234@customer.com,000-0000-0234
235,Chatwin Angley,Male,1983/5/23,USA,DC2479843,"Wall Stree 235, NY, 36688, USA",hogehoge_235@customer.com,000-0000-0235
236,Chester Anguish,Male,1989/9/20,USA,DC2488790,"Wall Stree 236, NY, 36688, USA",hogehoge_236@customer.com,000-0000-0236
237,Christian Angwin,Male,1989/9/21,USA,DC2497737,"Wall Stree 237, NY, 36688, USA",hogehoge_237@customer.com,000-0000-0237
238,Christopher Anker,Male,1989/9/22,USA,DC2506684,"Wall Stree 238, NY, 36688, USA",hogehoge_238@customer.com,000-0000-0238
239,Clarence Ann,Male,1989/9/23,USA,DC2515631,"Wall Stree 239, NY, 36688, USA",hogehoge_239@customer.com,000-0000-0239
240,Claude Annable,Male,1989/9/24,USA,DC2524578,"Wall Stree 240, NY, 36688, USA",hogehoge_240@customer.com,000-0000-0240
241,"Clayton, Clay Annand",Male,1989/9/25,USA,DC2533525,"Wall Stree 241, NY, 36688, USA",hogehoge_241@customer.com,000-0000-0241
242,"Clifford, Cliff Annas",Male,1989/9/26,USA,DC2542472,"Wall Stree 242, NY, 36688, USA",hogehoge_242@customer.com,000-0000-0242
243,Clive Anne,Male,1989/9/27,USA,DC2551419,"Wall Stree 243, NY, 36688, USA",hogehoge_243@customer.com,000-0000-0243
244,Clyde Annear,Male,1989/9/28,USA,DC2560366,"Wall Stree 244, NY, 36688, USA",hogehoge_244@customer.com,000-0000-0244
245,Coleman Anness,Male,1989/9/29,USA,DC2569313,"Wall Stree 245, NY, 36688, USA",hogehoge_245@customer.com,000-0000-0245
246,Colin Annis,Male,1989/9/30,USA,DC2578260,"Wall Stree 246, NY, 36688, USA",hogehoge_246@customer.com,000-0000-0246
247,Collier Ansel,Male,1989/10/1,USA,DC2587207,"Wall Stree 247, NY, 36688, USA",hogehoge_247@customer.com,000-0000-0247
248,Conan Ansell,Male,1989/10/2,USA,DC2596154,"Wall Stree 248, NY, 36688, USA",hogehoge_248@customer.com,000-0000-0248
249,Connell Anselm,Male,1989/10/3,Japan,DC2605101,"Wall Stree 249, NY, 36688, USA",hogehoge_249@customer.com,000-0000-0249
250,Connor Ansley,Male,1989/10/4,Japan,DC2614048,"Wall Stree 250, NY, 36688, USA",hogehoge_250@customer.com,000-0000-0250
251,Conrad Anslow,Male,1989/10/5,Japan,DC2622995,"Wall Stree 251, NY, 36688, USA",hogehoge_251@customer.com,000-0000-0251
252,Conroy Anson,Male,1989/10/6,Japan,DC2631942,"Wall Stree 252, NY, 36688, USA",hogehoge_252@customer.com,000-0000-0252
253,Conway Anstead,Male,1989/10/7,Japan,DC2640889,"Wall Stree 253, NY, 36688, USA",hogehoge_253@customer.com,000-0000-0253
254,Corwin Ansted,Male,1989/10/8,Japan,DC2649836,"Wall Stree 254, NY, 36688, USA",hogehoge_254@customer.com,000-0000-0254
255,Crispin Anstey,Male,1989/10/9,Japan,DC2658783,"Wall Stree 255, NY, 36688, USA",hogehoge_255@customer.com,000-0000-0255
256,Crosby Antcliff,Male,1989/10/10,Japan,DC2667730,"Wall Stree 256, NY, 36688, USA",hogehoge_256@customer.com,000-0000-0256
257,Culbert Antell,Male,1989/10/11,Japan,DC2676677,"Wall Stree 257, NY, 36688, USA",hogehoge_257@customer.com,000-0000-0257
258,Culver Anthony,Male,1989/10/12,Japan,DC2685624,"Wall Stree 258, NY, 36688, USA",hogehoge_258@customer.com,000-0000-0258
259,Curt Antil,Male,1989/10/13,Japan,DC2694571,"Wall Stree 259, NY, 36688, USA",hogehoge_259@customer.com,000-0000-0259
260,Curtis Antill,Male,1989/10/14,Japan,DC2703518,"Wall Stree 260, NY, 36688, USA",hogehoge_260@customer.com,000-0000-0260
261,Cuthbert Antle,Male,1989/10/15,Japan,DC2712465,"Wall Stree 261, NY, 36688, USA",hogehoge_261@customer.com,000-0000-0261
262,Craig Antley,Male,1989/10/16,Japan,DC2721412,"Wall Stree 262, NY, 36688, USA",hogehoge_262@customer.com,000-0000-0262
263,Cyril Antrobus,Male,1989/10/17,Japan,DC2730359,"Wall Stree 263, NY, 36688, USA",hogehoge_263@customer.com,000-0000-0263
264,Maddox Apland,Male,1989/10/18,Japan,WE2739306,"Wall Stree 264, NY, 36688, USA",hogehoge_264@customer.com,000-0000-0264
265,Magnus Apley,Male,1989/10/19,Japan,WE2748253,"Wall Stree 265, NY, 36688, USA",hogehoge_265@customer.com,000-0000-0265
266,Malcolm Aplin,Male,1989/10/20,Japan,WE2757200,"Wall Stree 266, NY, 36688, USA",hogehoge_266@customer.com,000-0000-0266
267,Melvin Apling,Male,1989/10/21,Japan,WE2766147,"Wall Stree 267, NY, 36688, USA",hogehoge_267@customer.com,000-0000-0267
268,Marcus Apple,Male,1989/10/22,Japan,WE2775094,"Wall Stree 268, NY, 36688, USA",hogehoge_268@customer.com,000-0000-0268
269,"Mark, Marc Applebee",Male,1946/9/4,Japan,WE2784041,"Wall Stree 269, NY, 36688, USA",hogehoge_269@customer.com,000-0000-0269
270,Marlon Appleberry,Male,1946/9/5,Japan,WE2792988,"Wall Stree 270, NY, 36688, USA",hogehoge_270@customer.com,000-0000-0270
271,Martin Appleby,Male,1946/9/6,Japan,WE2801935,"Wall Stree 271, NY, 36688, USA",hogehoge_271@customer.com,000-0000-0271
272,Marvin Applegarth,Male,1946/9/7,Japan,WE2810882,"Wall Stree 272, NY, 36688, USA",hogehoge_272@customer.com,000-0000-0272
273,Matthew Applegate,Male,1946/9/8,Japan,WE2819829,"Wall Stree 273, NY, 36688, USA",hogehoge_273@customer.com,000-0000-0273
274,Maurice Appleton,Male,1946/9/9,Japan,WE2828776,"Wall Stree 274, NY, 36688, USA",hogehoge_274@customer.com,000-0000-0274
275,"Max, Maxwell Applewhite",Male,1946/9/10,India,WE2837723,"Wall Stree 275, NY, 36688, USA",hogehoge_275@customer.com,000-0000-0275
276,Medwin Appley,Male,1946/9/11,India,WE2846670,"Wall Stree 276, NY, 36688, USA",hogehoge_276@customer.com,000-0000-0276
277,Melville Appleyard,Male,1946/9/12,India,WE2855617,"Wall Stree 277, NY, 36688, USA",hogehoge_277@customer.com,000-0000-0277
278,Merlin Applin,Male,1946/9/13,India,WE2864564,"Wall Stree 278, NY, 36688, USA",hogehoge_278@customer.com,000-0000-0278
279,Michael Appling,Male,1946/9/14,India,WE2873511,"Wall Stree 279, NY, 36688, USA",hogehoge_279@customer.com,000-0000-0279
280,Milburn Apps,Male,1946/9/15,India,WE2882458,"Wall Stree 280, NY, 36688, USA",hogehoge_280@customer.com,000-0000-0280
281,Miles Apsey,Male,1946/9/16,India,WE2891405,"Wall Stree 281, NY, 36688, USA",hogehoge_281@customer.com,000-0000-0281
282,Monroe Arber,Male,1946/9/17,India,WE2900352,"Wall Stree 282, NY, 36688, USA",hogehoge_282@customer.com,000-0000-0282
283,Montague Arbon,Male,1960/12/31,India,WE2909299,"Wall Stree 283, NY, 36688, USA",hogehoge_283@customer.com,000-0000-0283
284,Montgomery Arch,Male,1961/1/1,India,WE2918246,"Wall Stree 284, NY, 36688, USA",hogehoge_284@customer.com,000-0000-0284
285,Morgan Archbold,Male,1961/1/2,India,WE2927193,"Wall Stree 285, NY, 36688, USA",hogehoge_285@customer.com,000-0000-0285
286,Morris Archdeacon,Male,1961/1/3,India,WE2936140,"Wall Stree 286, NY, 36688, USA",hogehoge_286@customer.com,000-0000-0286
287,Morton Archer,Male,1961/1/4,India,WE2945087,"Wall Stree 287, NY, 36688, USA",hogehoge_287@customer.com,000-0000-0287
288,Murray Archey,Male,1961/1/5,India,WE2954034,"Wall Stree 288, NY, 36688, USA",hogehoge_288@customer.com,000-0000-0288
289,"Nathaniel, Nathan Arden",Male,1961/1/6,India,WE2962981,"Wall Stree 289, NY, 36688, USA",hogehoge_289@customer.com,000-0000-0289
290,Neal Arendale,Male,1961/1/7,India,WE2971928,"Wall Stree 290, NY, 36688, USA",hogehoge_290@customer.com,000-0000-0290
291,Neville Arendall,Male,1961/1/8,India,WE2980875,"Wall Stree 291, NY, 36688, USA",hogehoge_291@customer.com,000-0000-0291
292,Nicholas Arey,Male,1961/1/9,India,WE2989822,"Wall Stree 292, NY, 36688, USA",hogehoge_292@customer.com,000-0000-0292
293,Nigel Arford,Male,1961/1/10,India,WE2998769,"Wall Stree 293, NY, 36688, USA",hogehoge_293@customer.com,000-0000-0293
294,Noel Argent,Male,1961/1/11,India,WE3007716,"Wall Stree 294, NY, 36688, USA",hogehoge_294@customer.com,000-0000-0294
295,Norman Arington,Male,1961/1/12,India,WE3016663,"Wall Stree 295, NY, 36688, USA",hogehoge_295@customer.com,000-0000-0295
296,Norris Arkell,Male,1961/1/13,South Africa,WE3025610,"Wall Stree 296, NY, 36688, USA",hogehoge_296@customer.com,000-0000-0296
297,Olaf Arkwright,Male,1961/1/14,South Africa,WE3034557,"Wall Stree 297, NY, 36688, USA",hogehoge_297@customer.com,000-0000-0297
298,Olin Arledge,Male,1961/1/15,Mexico,WE3043504,"Wall Stree 298, NY, 36688, USA",hogehoge_298@customer.com,000-0000-0298
299,Oliver Arling,Male,1961/1/16,Mexico,WE3052451,"Wall Stree 299, NY, 36688, USA",hogehoge_299@customer.com,000-0000-0299
300,Orson Arlington,Male,1961/1/17,Mexico,WE3061398,"Wall Stree 300, NY, 36688, USA",hogehoge_300@customer.com,000-0000-0300
301,Oscar Cobbs,Male,1961/1/18,Mexico,WE3070345,"Wall Stree 301, NY, 36688, USA",hogehoge_301@customer.com,000-0000-0301
302,Oswald Cobern,Male,1961/1/19,Mexico,WE3079292,"Wall Stree 302, NY, 36688, USA",hogehoge_302@customer.com,000-0000-0302
303,Otis Cobey,Male,1961/1/20,Mexico,WE3088239,"Wall Stree 303, NY, 36688, USA",hogehoge_303@customer.com,000-0000-0303
304,Owen Coble,Male,1961/1/21,Mexico,WE3097186,"Wall Stree 304, NY, 36688, USA",hogehoge_304@customer.com,000-0000-0304
305,Paul Cobleigh,Male,1961/1/22,Mexico,WE3106133,"Wall Stree 305, NY, 36688, USA",hogehoge_305@customer.com,000-0000-0305
306,Paxton Cobler,Male,1961/1/23,Mexico,WE3115080,"Wall Stree 306, NY, 36688, USA",hogehoge_306@customer.com,000-0000-0306
307,"Percival, Percy Coburn",Male,1961/1/24,Mexico,WE3124027,"Wall Stree 307, NY, 36688, USA",hogehoge_307@customer.com,000-0000-0307
308,Perry Coby,Male,1961/1/25,Mexico,WE3132974,"Wall Stree 308, NY, 36688, USA",hogehoge_308@customer.com,000-0000-0308
309,Peter Cockayne,Male,1961/1/26,Mexico,WE3141921,"Wall Stree 309, NY, 36688, USA",hogehoge_309@customer.com,000-0000-0309
310,Peyton Cockburn,Male,1961/1/27,Chili,WE3150868,"Wall Stree 310, NY, 36688, USA",hogehoge_310@customer.com,000-0000-0310
311,Philbert Cockcroft,Male,1961/1/28,Chili,WE3159815,"Wall Stree 311, NY, 36688, USA",hogehoge_311@customer.com,000-0000-0311
312,Philip Cocke,Male,1961/1/29,Chili,WE3168762,"Wall Stree 312, NY, 36688, USA",hogehoge_312@customer.com,000-0000-0312
313,Phineas Cocker,Male,1961/1/30,Chili,WE3177709,"Wall Stree 313, NY, 36688, USA",hogehoge_313@customer.com,000-0000-0313
314,Pierce Cockerell,Male,1961/1/31,Chili,IO3186656,"Wall Stree 314, NY, 36688, USA",hogehoge_314@customer.com,000-0000-0314
315,Quade Cockerham,Male,1961/2/1,Chili,IO3195603,"Wall Stree 315, NY, 36688, USA",hogehoge_315@customer.com,000-0000-0315
316,Quenby Cockerill,Male,1961/2/2,Chili,IO3204550,"Wall Stree 316, NY, 36688, USA",hogehoge_316@customer.com,000-0000-0316
317,Quillan Cockett,Male,1961/2/3,Chili,IO3213497,"Wall Stree 317, NY, 36688, USA",hogehoge_317@customer.com,000-0000-0317
318,Quimby Cockey,Male,1961/2/4,Chili,IO3222444,"Wall Stree 318, NY, 36688, USA",hogehoge_318@customer.com,000-0000-0318
319,Quentin Cockfield,Male,1961/2/5,Chili,IO3231391,"Wall Stree 319, NY, 36688, USA",hogehoge_319@customer.com,000-0000-0319
320,Quinby Cocking,Male,1961/2/6,Chili,IO3240338,"Wall Stree 320, NY, 36688, USA",hogehoge_320@customer.com,000-0000-0320
321,Quincy Cocklin,Male,1961/2/7,Chili,IO3249285,"Wall Stree 321, NY, 36688, USA",hogehoge_321@customer.com,000-0000-0321
322,Quinlan Cockman,Male,1961/2/8,Chili,IO3258232,"Wall Stree 322, NY, 36688, USA",hogehoge_322@customer.com,000-0000-0322
323,Quinn Cockrell,Male,1961/2/9,Chili,IO3267179,"Wall Stree 323, NY, 36688, USA",hogehoge_323@customer.com,000-0000-0323
324,Ralph Cockrill,Male,1961/2/10,Chili,IO3276126,"Wall Stree 324, NY, 36688, USA",hogehoge_324@customer.com,000-0000-0324
325,Ramsey Cockroft,Male,1961/2/11,Chili,IO3285073,"Wall Stree 325, NY, 36688, USA",hogehoge_325@customer.com,000-0000-0325
326,Randolph Cocks,Male,1961/2/12,Chili,IO3294020,"Wall Stree 326, NY, 36688, USA",hogehoge_326@customer.com,000-0000-0326
327,Raymond Codd,Male,1975/9/8,Canada,IO3302967,"Wall Stree 327, NY, 36688, USA",hogehoge_327@customer.com,000-0000-0327
328,Reginald Coddington,Male,1975/9/9,Canada,IO3311914,"Wall Stree 328, NY, 36688, USA",hogehoge_328@customer.com,000-0000-0328
329,Renfred Code,Male,1975/9/10,Canada,IO3320861,"Wall Stree 329, NY, 36688, USA",hogehoge_329@customer.com,000-0000-0329
330,Rex Codling,Male,1975/9/11,Canada,IO3329808,"Wall Stree 330, NY, 36688, USA",hogehoge_330@customer.com,000-0000-0330
331,Rhett Codner,Male,1975/9/12,Canada,IO3338755,"Wall Stree 331, NY, 36688, USA",hogehoge_331@customer.com,000-0000-0331
332,Richard Codrington,Male,1975/9/13,Canada,IO3347702,"Wall Stree 332, NY, 36688, USA",hogehoge_332@customer.com,000-0000-0332
333,Ridley Coe,Male,1975/9/14,Canada,IO3356649,"Wall Stree 333, NY, 36688, USA",hogehoge_333@customer.com,000-0000-0333
334,Riley Coey,Male,1975/9/15,Canada,IO3365596,"Wall Stree 334, NY, 36688, USA",hogehoge_334@customer.com,000-0000-0334
335,"Robert, Robin Coffer",Male,1975/9/16,Canada,IO3374543,"Wall Stree 335, NY, 36688, USA",hogehoge_335@customer.com,000-0000-0335
336,Roderick Coffield,Male,1975/9/17,Canada,IO3383490,"Wall Stree 336, NY, 36688, USA",hogehoge_336@customer.com,000-0000-0336
337,Rodney Coffin,Male,1975/9/18,Canada,IO3392437,"Wall Stree 337, NY, 36688, USA",hogehoge_337@customer.com,000-0000-0337
338,Roger Coffing,Male,1975/9/19,Canada,IO3401384,"Wall Stree 338, NY, 36688, USA",hogehoge_338@customer.com,000-0000-0338
339,Roland Cofield,Male,1975/9/20,Canada,IO3410331,"Wall Stree 339, NY, 36688, USA",hogehoge_339@customer.com,000-0000-0339
340,Rolf Cogar,Male,1975/9/21,Canada,IO3419278,"Wall Stree 340, NY, 36688, USA",hogehoge_340@customer.com,000-0000-0340
341,Ronald Cogbill,Male,1975/9/22,Canada,IO3428225,"Wall Stree 341, NY, 36688, USA",hogehoge_341@customer.com,000-0000-0341
342,Rory Cogburn,Male,1975/9/23,Canada,IO3437172,"Wall Stree 342, NY, 36688, USA",hogehoge_342@customer.com,000-0000-0342
343,Ross Cogdell,Male,1975/9/24,Canada,IO3446119,"Wall Stree 343, NY, 36688, USA",hogehoge_343@customer.com,000-0000-0343
344,Roswell Cogdill,Male,1975/9/25,Canada,IO3455066,"Wall Stree 344, NY, 36688, USA",hogehoge_344@customer.com,000-0000-0344
345,Roy Cogger,Male,1975/9/26,Canada,IO3464013,"Wall Stree 345, NY, 36688, USA",hogehoge_345@customer.com,000-0000-0345
346,Royce Coggeshall,Male,1975/9/27,Canada,IO3472960,"Wall Stree 346, NY, 36688, USA",hogehoge_346@customer.com,000-0000-0346
347,Rufus Coghill,Male,1975/9/28,Canada,IO3481907,"Wall Stree 347, NY, 36688, USA",hogehoge_347@customer.com,000-0000-0347
348,Rupert Cogswell,Male,1975/9/29,Canada,IO3490854,"Wall Stree 348, NY, 36688, USA",hogehoge_348@customer.com,000-0000-0348
349,Russell Coiner,Male,1975/9/30,Canada,IO3499801,"Wall Stree 349, NY, 36688, USA",hogehoge_349@customer.com,000-0000-0349
350,Ryan Coit,Male,1975/10/1,Canada,IO3508748,"Wall Stree 350, NY, 36688, USA",hogehoge_350@customer.com,000-0000-0350
